OSver;State;Name;Dir;RunObj;Args;Note;Error

XP
5,1;; Демон кэша категорий компонентов; {8C7461EF-2B13-11d2-BE35-3078302C2030}; %windir%\system32\browseui.dll;;;
5,1;; Предзагрузчик Browseui; {438755C2-A8BA-11D1-B96B-00A0C90312E1}; %windir%\system32\browseui.dll;;;
5,1;; Browseui preloader; {438755C2-A8BA-11D1-B96B-00A0C90312E1}; %windir%\system32\browseui.dll;;;
5,1;; Component Categories cache daemon; {8C7461EF-2B13-11d2-BE35-3078302C2030}; %windir%\system32\browseui.dll;;;

Vista
6;; AD RMS Rights Policy Template Management (Automated); \Microsoft\Windows\Active Directory Rights Management Services Client; {CF2CF428-325B-48D3-8CA8-7633E36E5A32}; ;;
6;; AD RMS Rights Policy Template Management (Manual); \Microsoft\Windows\Active Directory Rights Management Services Client; {BF5CB148-7C77-4D8A-A53E-D81C70CF743C}; ;;
6;; AutoWake; \Microsoft\Windows\SideShow; {E51DFD48-AA36-4B45-BB52-E831F02E8316}; ;;
6;; Consolidator; \Microsoft\Windows\Customer Experience Improvement Program; %SystemRoot%\System32\wsqmcons.exe; ;;
6;; ConvertLogEntries; \Microsoft\Windows\PLA\System; %windir%\system32\rundll32.exe; %windir%\system32\pla.dll,PlaConvertLogEntries;;
6;; CrawlStartPages; \Microsoft\Windows\Shell; {51653423-E62D-4FF7-894A-DABB2B8E21E2}; ;;
6;; ehDRMInit; \Microsoft\Windows\Media Center; %SystemRoot%\ehome\ehPrivJob.exe; /DRMInit;;
6;; GadgetManager; \Microsoft\Windows\SideShow; {FF87090D-4A9A-4F47-879B-29A80C355D61},$(Arg0); ;;
6;; GatherWiredInfo; \Microsoft\Windows\Wired; %windir%\system32\gatherWiredInfo.vbs; ;;
6;; GatherWirelessInfo; \Microsoft\Windows\Wireless; %windir%\system32\gatherWirelessInfo.vbs; ;;
6;; HotStart; \Microsoft\Windows\MobilePC; {06DA0625-9701-43DA-BFD7-FBEEA2180A1E}; ;;
6;; IpAddressConflict1; \Microsoft\Windows\Tcpip; rundll32; ndfapi.dll,NdfRunDllDuplicateIPOffendingSystem;;
6;; IpAddressConflict2; \Microsoft\Windows\Tcpip; rundll32; ndfapi.dll,NdfRunDllDuplicateIPDefendingSystem;;
6;; LPRemove; \Microsoft\Windows\MUI; %windir%\system32\lpremove.exe; ;;
6;; mcupdate; \Microsoft\Windows\Media Center; %SystemRoot%\ehome\mcupdate; $(Arg0) -gc;;
6;; Microsoft-Windows-DiskDiagnosticDataCollector; \Microsoft\Windows\DiskDiagnostic; %windir%\system32\rundll32.exe; dfdts.dll,DfdGetDefaultPolicyAndSMART;;
6;; Microsoft-Windows-DiskDiagnosticResolver; \Microsoft\Windows\DiskDiagnostic; %windir%\system32\DFDWiz.exe; ;;
6;; MP Scheduled Scan; \Microsoft\Windows Defender; %ProgramFiles%\windows defender\MpCmdRun.exe; Scan -RestrictPrivileges;;
6;; MsCtfMonitor; \Microsoft\Windows\TextServicesFramework; {01575CFE-9A55-4003-A5E1-F38D1EBDCBE1}; ;;
6;; NAPStatus UI; \Microsoft\Windows\NetworkAccessProtection; {F09878A1-4652-4292-AA63-8C7D4FD7648F},/b; ;;
6;; OCURActivate; \Microsoft\Windows\Media Center; %SystemRoot%\ehome\ehPrivJob.exe; /OCURActivate;;
6;; OCURDiscovery; \Microsoft\Windows\Media Center; %SystemRoot%\ehome\ehPrivJob.exe; /OCURDiscovery;;
6;; OptinNotification; \Microsoft\Windows\Customer Experience Improvement Program; %SystemRoot%\System32\wsqmcons.exe; -n 0x1C577FA2B69CAD0;;
6;; QueueReporting; \Microsoft\Windows\Windows Error Reporting; %windir%\system32\wermgr.exe; -queuereporting;;
6;; RACAgent; \Microsoft\Windows\RAC; %windir%\system32\RacAgent.exe; ;;
6;; RemoteAssistanceTask; \Microsoft\Windows\RemoteAssistance; %windir%\system32\RAServer.exe; /offerraupdate;;
6;; ResolutionHost; \Microsoft\Windows\WDI; {900BE39D-6BE8-461A-BC4D-B0FA71F5ECB1}; ;;
6;; ScheduledDefrag; \Microsoft\Windows\Defrag; %windir%\system32\defrag.exe; -c -i;;
6;; SessionAgent; \Microsoft\Windows\SideShow; {45F26E9E-6199-477F-85DA-AF1EDFE067B1}; ;;
6;; SR; \Microsoft\Windows\SystemRestore; %windir%\system32\rundll32.exe; /d srrstr.dll,ExecuteScheduledSPPCreation;;
6;; SystemDataProviders; \Microsoft\Windows\SideShow; {7CCA6768-8373-4D28-8876-83E8B4E3A969}; ;;
6;; SystemSoundsService; \Microsoft\Windows\Multimedia; {2DEA658F-54C1-4227-AF9B-260AB5FC3543}; ;;
6;; SystemTask; \Microsoft\Windows\CertificateServicesClient; {58FB76B9-AC85-4E55-AC04-427593B1D060},SYSTEM; ;;
6;; TMM; \Microsoft\Windows\MobilePC; {35EF4182-F900-4632-B072-8639E4478A61}; ;;
6;; UninstallDeviceTask; \Microsoft\Windows\Bluetooth; BthUdTask.exe; $(Arg0);;
6;; UpdateRecordPath; \Microsoft\Windows\Media Center; %SystemRoot%\ehome\ehPrivJob.exe; /DoUpdateRecordPath $(Arg0);;
6;; UPnPHostConfig; \Microsoft\Windows\UPnP; sc.exe; config upnphost start= auto;;
6;; UserTask-Roam; \Microsoft\Windows\CertificateServicesClient; {58FB76B9-AC85-4E55-AC04-427593B1D060},KEYROAMING; ;;
6;; UserTask; \Microsoft\Windows\CertificateServicesClient; {58FB76B9-AC85-4E55-AC04-427593B1D060},USER; ;;
6;; WSHReset; \Microsoft\Windows\Tcpip; %systemroot%\system32\schtasks.exe; /delete /tn "\Microsoft\Windows\Tcpip\WSHReset" /f;;

Win7
6,1;; ActivateWindowsSearch; \Microsoft\Windows\Media Center; %SystemRoot%\ehome\ehPrivJob.exe; /DoActivateWindowsSearch;;
6,1;; AD RMS Rights Policy Template Management (Automated); \Microsoft\Windows\Active Directory Rights Management Services Client; {CF2CF428-325B-48D3-8CA8-7633E36E5A32}; ;;
6,1;; AD RMS Rights Policy Template Management (Manual); \Microsoft\Windows\Active Directory Rights Management Services Client; {BF5CB148-7C77-4D8A-A53E-D81C70CF743C}; ;;
6,1;; AitAgent; \Microsoft\Windows\Application Experience; aitagent; ;;
6,1;; AnalyzeSystem; \Microsoft\Windows\Power Efficiency Diagnostics; %SystemRoot%\System32\powercfg.exe; -energy -auto;;
6,1;; AutoWake; \Microsoft\Windows\SideShow; {E51DFD48-AA36-4B45-BB52-E831F02E8316}; ;;
6,1;; Background Synchronization; \Microsoft\Windows\Offline Files; {FA3F3DD9-4C1A-456B-A8FA-C76EF3ED83B8}; ;;
6,1;; BackgroundConfigSurveyor; \Microsoft\Windows\PerfTrack; {EA9155A3-8A39-40B4-8963-D3C761B18371}; ;;
6,1;; BfeOnServiceStartTypeChange; \Microsoft\Windows\Windows Filtering Platform; %windir%\system32\rundll32.exe; bfe.dll,BfeOnServiceStartTypeChange;;
6,1;; CacheTask; \Microsoft\Windows\Wininet; {0358B920-0AC7-461F-98F4-58E32CD89148}; ;;
6,1;; Calibration Loader; \Microsoft\Windows\WindowsColorSystem; {B210D694-C8DF-490D-9576-9E20CDBC20BD}; ;;
6,1;; ConfigNotification; \Microsoft\Windows\WindowsBackup; %systemroot%\System32\sdclt.exe; /CONFIGNOTIFICATION;;
6,1;; ConfigureInternetTimeService; \Microsoft\Windows\Media Center; %SystemRoot%\ehome\ehPrivJob.exe; /DoConfigureInternetTimeService;;
6,1;; Consolidator; \Microsoft\Windows\Customer Experience Improvement Program; %SystemRoot%\System32\wsqmcons.exe; ;;
6,1;; CorruptionDetector; \Microsoft\Windows\MemoryDiagnostic; {190BA3F6-0205-4F46-B589-95C6822899D2},PageNotZero; ;;
6,1;; DecompressionFailureDetector; \Microsoft\Windows\MemoryDiagnostic; {190BA3F6-0205-4F46-B589-95C6822899D2},Decompression; ;;
6,1;; DispatchRecoveryTasks; \Microsoft\Windows\Media Center; %SystemRoot%\ehome\ehPrivJob.exe; /DoRecoveryTasks $(Arg0);;
6,1;; ehDRMInit; \Microsoft\Windows\Media Center; %SystemRoot%\ehome\ehPrivJob.exe; /DRMInit;;
6,1;; EOONotify; \Microsoft\Windows\Setup; %windir%\EOONotify\EOONotify.exe; ;;
6,1;; EOSNotify; \Microsoft\Windows\Setup; %windir%\system32\EOSNotify.exe; ;;
6,1;; GadgetManager; \Microsoft\Windows\SideShow; {FF87090D-4A9A-4F47-879B-29A80C355D61},$(Arg0); ;;
6,1;; GatherNetworkInfo; \Microsoft\Windows\NetTrace; %windir%\system32\gatherNetworkInfo.vbs; ;;
6,1;; HiveUploadTask; \Microsoft\Windows\User Profile Service; {BA677074-762C-444B-94C8-8C83F93F6605}; ;;
6,1;; HotStart; \Microsoft\Windows\MobilePC; {06DA0625-9701-43DA-BFD7-FBEEA2180A1E}; ;;
6,1;; InstallPlayReady; \Microsoft\Windows\Media Center; %SystemRoot%\ehome\ehPrivJob.exe; /InstallPlayReady $(Arg0);;
6,1;; Interactive; \Microsoft\Windows\Task Manager; {855FEC53-D2E4-4999-9E87-3414E9CF0FF4},$(Arg0); ;;
6,1;; IpAddressConflict1; \Microsoft\Windows\Tcpip; %windir%\system32\rundll32.exe; ndfapi.dll,NdfRunDllDuplicateIPOffendingSystem;;
6,1;; IpAddressConflict2; \Microsoft\Windows\Tcpip; %windir%\system32\rundll32.exe; ndfapi.dll,NdfRunDllDuplicateIPDefendingSystem;;
6,1;; KernelCeipTask; \Microsoft\Windows\Customer Experience Improvement Program; {E7ED314F-2816-4C26-AEB5-54A34D02404C}; ;;
6,1;; Logon Synchronization; \Microsoft\Windows\Offline Files; {FA3F3DD9-4C1A-456B-A8FA-C76EF3ED83B8},Logon; ;;
6,1;; LPRemove; \Microsoft\Windows\MUI; %windir%\system32\lpremove.exe; ;;
6,1;; mcupdate; \Microsoft\Windows\Media Center; %SystemRoot%\ehome\mcupdate; $(Arg0);;
6,1;; MediaCenterRecoveryTask; \Microsoft\Windows\Media Center; {23E5D772-327A-42F5-BDEE-C65C6796BB2A},$(Arg1)|%SystemRoot%\ehome\mcupdate.exe; -MediaCenterRecoveryTask;;
6,1;; Microsoft-Windows-DiskDiagnosticDataCollector; \Microsoft\Windows\DiskDiagnostic; %windir%\system32\rundll32.exe; dfdts.dll,DfdGetDefaultPolicyAndSMART;;
6,1;; Microsoft-Windows-DiskDiagnosticResolver; \Microsoft\Windows\DiskDiagnostic; %windir%\system32\DFDWiz.exe; ;;
6,1;; Microsoft Compatibility Appraiser; \Microsoft\Windows\Application Experience; %windir%\system32\CompatTelRunner.exe; ;;
6,1;; MobilityManager; \Microsoft\Windows\Ras; {C463A0FC-794F-4FDF-9201-01938CEACAFA}; ;;
6,1;; MP Scheduled Scan; \Microsoft\Windows Defender; %ProgramFiles%\windows defender\MpCmdRun.exe; Scan -ScheduleJob -WinTask -RestrictPrivilegesScan;;
6,1;; MpIdleTask; \Microsoft\Windows Defender; %ProgramFiles%\windows defender\MpCmdRun.exe; -IdleTask -TaskName MpIdleTask;;
6,1;; MsCtfMonitor; \Microsoft\Windows\TextServicesFramework; {01575CFE-9A55-4003-A5E1-F38D1EBDCBE1}; ;;
6,1;; Notifications; \Microsoft\Windows\Location; %windir%\System32\LocationNotifications.exe; ;;
6,1;; ObjectStoreRecoveryTask; \Microsoft\Windows\Media Center; {177AFECE-9599-46CF-90D7-68EC9EEB27B4},$(Arg1)|%SystemRoot%\ehome\mcupdate.exe; -ObjectStoreRecoveryTask;;
6,1;; OCURActivate; \Microsoft\Windows\Media Center; %SystemRoot%\ehome\ehPrivJob.exe; /OCURActivate;;
6,1;; OCURDiscovery; \Microsoft\Windows\Media Center; %SystemRoot%\ehome\ehPrivJob.exe; /OCURDiscovery $(Arg0);;
6,1;; PBDADiscovery; \Microsoft\Windows\Media Center; %SystemRoot%\ehome\ehPrivJob.exe; /PBDADiscovery;;
6,1;; PBDADiscoveryW1; \Microsoft\Windows\Media Center; %SystemRoot%\ehome\ehPrivJob.exe; /wait:7 /PBDADiscovery;;
6,1;; PBDADiscoveryW2; \Microsoft\Windows\Media Center; %SystemRoot%\ehome\ehPrivJob.exe; /wait:90 /PBDADiscovery;;
6,1;; PeriodicScanRetry; \Microsoft\Windows\Media Center; %windir%\ehome\MCUpdate.exe; -pscn 0;;
6,1;; PolicyConverter; \Microsoft\Windows\AppID; %windir%\system32\appidpolicyconverter.exe; ;;
6,1;; ProgramDataUpdater; \Microsoft\Windows\Application Experience; %windir%\system32\rundll32.exe|%windir%\system32\compattelrunner.exe; aepdu.dll,AePduRunUpdate|-maintenance;;
6,1;; Proxy; \Microsoft\Windows\Autochk; %windir%\system32\rundll32.exe; /d acproxy.dll,PerformAutochkOperations;;
6,1;; PvrRecoveryTask; \Microsoft\Windows\Media Center; {7FA3A1C3-3C87-40DE-AC16-B6E2815A4CC8},$(Arg1)|%SystemRoot%\ehome\mcupdate.exe; -PvrRecoveryTask;;
6,1;; PvrScheduleTask; \Microsoft\Windows\Media Center; {CEF51277-5358-477B-858C-4E14F0C80BF7},$(Arg1)|%SystemRoot%\ehome\mcupdate.exe; -PvrSchedule;;
6,1;; QueueReporting; \Microsoft\Windows\Windows Error Reporting; %windir%\system32\wermgr.exe; -queuereporting;;
6,1;; RacTask; \Microsoft\Windows\RAC; {42060D27-CA53-41F5-96E4-B1E8169308A6},$(Arg0); ;;
6,1;; RecordingRestart; \Microsoft\Windows\Media Center; %SystemRoot%\ehome\ehrec; /RestartRecording;;
6,1;; RegIdleBackup; \Microsoft\Windows\Registry; {CA767AA8-9157-4604-B64B-40747123D5F2}; ;;
6,1;; RegisterSearch; \Microsoft\Windows\Media Center; %SystemRoot%\ehome\ehPrivJob.exe; /DoRegisterSearch $(Arg0);;
6,1;; ReindexSearchRoot; \Microsoft\Windows\Media Center; %SystemRoot%\ehome\ehPrivJob.exe; /DoReindexSearchRoot;;
6,1;; RemoteAssistanceTask; \Microsoft\Windows\RemoteAssistance; %windir%\system32\RAServer.exe; /offerraupdate;;
6,1;; ResolutionHost; \Microsoft\Windows\WDI; {900BE39D-6BE8-461A-BC4D-B0FA71F5ECB1}; ;;
6,1;; Scheduled; \Microsoft\Windows\Diagnosis; {C1F85EF8-BCC2-4606-BB39-70C523715EB3}; ;;
6,1;; ScheduledDefrag; \Microsoft\Windows\Defrag; %windir%\system32\defrag.exe; -c;;
6,1;; SessionAgent; \Microsoft\Windows\SideShow; {45F26E9E-6199-477F-85DA-AF1EDFE067B1}; ;;
6,1;; SqlLiteRecoveryTask; \Microsoft\Windows\Media Center; {59116E30-02BD-4B84-BA1E-5D77E809B1A2},$(Arg1)|%SystemRoot%\ehome\mcupdate.exe; -SqlLiteRecoveryTask;;
6,1;; SR; \Microsoft\Windows\SystemRestore; %windir%\system32\rundll32.exe; /d srrstr.dll,ExecuteScheduledSPPCreation;;
6,1;; SvcRestartTask; \Microsoft\Windows\SoftwareProtectionPlatform; sc.exe; start sppsvc;;
6,1;; SynchronizeTime; \Microsoft\Windows\Time Synchronization; %windir%\system32\sc.exe; start w32time task_started;;
6,1;; SystemDataProviders; \Microsoft\Windows\SideShow; {7CCA6768-8373-4D28-8876-83E8B4E3A969}; ;;
6,1;; SystemSoundsService; \Microsoft\Windows\Multimedia; {2DEA658F-54C1-4227-AF9B-260AB5FC3543}; ;;
6,1;; SystemTask; \Microsoft\Windows\CertificateServicesClient; {58FB76B9-AC85-4E55-AC04-427593B1D060},SYSTEM; ;;
6,1;; UninstallDeviceTask; \Microsoft\Windows\Bluetooth; BthUdTask.exe; $(Arg0);;
6,1;; UpdateLibrary; \Microsoft\Windows\Windows Media Sharing; "%ProgramFiles%\Windows Media Player\wmpnscfg.exe"; ;;
6,1;; UpdateRecordPath; \Microsoft\Windows\Media Center; %SystemRoot%\ehome\ehPrivJob.exe; /DoUpdateRecordPath $(Arg0);;
6,1;; UPnPHostConfig; \Microsoft\Windows\UPnP; sc.exe; config upnphost start= auto;;
6,1;; UsbCeip; \Microsoft\Windows\Customer Experience Improvement Program; {C27F6B1D-FE0B-45E4-9257-38799FA69BC8},SYSTEM; ;;
6,1;; UserTask-Roam; \Microsoft\Windows\CertificateServicesClient; {58FB76B9-AC85-4E55-AC04-427593B1D060},KEYROAMING; ;;
6,1;; UserTask; \Microsoft\Windows\CertificateServicesClient; {58FB76B9-AC85-4E55-AC04-427593B1D060},USER; ;;
6,1;; VerifiedPublisherCertStoreCheck; \Microsoft\Windows\AppID; %windir%\system32\appidcertstorecheck.exe; ;;
6,1;; WindowsParentalControls; \Microsoft\Windows\Shell; {DFA14C43-F385-4170-99CC-1B7765FA0E4A}; ;;
6,1;; WindowsParentalControlsMigration; \Microsoft\Windows\Shell; {343D770D-7788-47C2-B62A-B7C4CED925CB}; ;;
6,1;; WinSAT; \Microsoft\Windows\Maintenance; {A9A33436-678B-4C9C-A211-7CC38785E79D}; ;;

Win8
6,2;; .NET Framework NGEN v4.0.30319 Critical; \Microsoft\Windows\.NET Framework; {DE434264-8FE9-4C0B-A83B-89EBEEBFF78E},/RuntimeWide; ;;
6,2;; .NET Framework NGEN v4.0.30319; \Microsoft\Windows\.NET Framework; {84F0FAE1-C27B-4F6F-807B-28CF6F96287D},/RuntimeWide; ;;
6,2;; 8.1 auto install ping; \Microsoft\Windows\Setup; %windir%\system32\AutoUpdate.exe; /Ping;;
6,2;; 8.1 auto install v2; \Microsoft\Windows\Setup; %windir%\system32\AutoUpdate.exe; /Auto;;
6,2;; AD RMS Rights Policy Template Management (Automated); \Microsoft\Windows\Active Directory Rights Management Services Client; {CF2CF428-325B-48D3-8CA8-7633E36E5A32}; ;;
6,2;; AD RMS Rights Policy Template Management (Manual); \Microsoft\Windows\Active Directory Rights Management Services Client; {BF5CB148-7C77-4D8A-A53E-D81C70CF743C}; ;;
6,2;; AitAgent; \Microsoft\Windows\Application Experience; aitagent; /increment;;
6,2;; AnalyzeSystem; \Microsoft\Windows\Power Efficiency Diagnostics; {927EA2AF-1C54-43D5-825E-0074CE028EEE}; ;;
6,2;; AUFirmwareInstall; \Microsoft\Windows\WindowsUpdate; {EFF7F153-1C97-417A-B633-FEDE6683A939}; ;;
6,2;; AUScheduledInstall; \Microsoft\Windows\WindowsUpdate; {F3B4E234-7A68-4E43-B813-E4BA55A065F6}; ;;
6,2;; AUSessionConnect; \Microsoft\Windows\WindowsUpdate; {784E29F4-5EBE-4279-9948-1E8FE941646D}; ;;
6,2;; AutoWake; \Microsoft\Windows\SideShow; {E51DFD48-AA36-4B45-BB52-E831F02E8316}; ;;
6,2;; Background Synchronization; \Microsoft\Windows\Offline Files; {FA3F3DD9-4C1A-456B-A8FA-C76EF3ED83B8}; ;;
6,2;; BackgroundConfigSurveyor; \Microsoft\Windows\PerfTrack; {EA9155A3-8A39-40B4-8963-D3C761B18371}; ;;
6,2;; BackgroundUploadTask; \Microsoft\Windows\SettingSync; {59B9640B-3F70-4D1C-B159-F26EEB8A4C87}; ;;
6,2;; Badge Update; \Microsoft\Windows\WS; {00CCDDF6-5107-424D-853D-3907AE5502DC}; ;;
6,2;; BfeOnServiceStartTypeChange; \Microsoft\Windows\Windows Filtering Platform; %windir%\system32\rundll32.exe; bfe.dll,BfeOnServiceStartTypeChange;;
6,2;; BindingWorkItemQueueHandler; \Microsoft\Windows\NetCfg; {5AA199A0-1CED-43A5-9B85-3226086738A3}; ;;
6,2;; BthSQM; \Microsoft\Windows\Customer Experience Improvement Program; {C8367320-6F85-11E0-A1F0-0800200C9A66},SYSTEM; ;;
6,2;; CacheTask; \Microsoft\Windows\Wininet; {0358B920-0AC7-461F-98F4-58E32CD89148}; ;;
6,2;; Calibration Loader; \Microsoft\Windows\WindowsColorSystem; {B210D694-C8DF-490D-9576-9E20CDBC20BD}; ;;
6,2;; CleanupTemporaryState; \Microsoft\Windows\ApplicationData; %windir%\system32\rundll32.exe; Windows.Storage.ApplicationData.dll,CleanupTemporaryState;;
6,2;; ConfigNotification; \Microsoft\Windows\WindowsBackup; %systemroot%\System32\sdclt.exe; /CONFIGNOTIFICATION;;
6,2;; Consolidator; \Microsoft\Windows\Customer Experience Improvement Program; %SystemRoot%\System32\wsqmcons.exe; ;;
6,2;; CreateObjectTask; \Microsoft\Windows\Shell; {990A9F8F-301F-45F7-8D0E-68C5952DBA43}; ;;
6,2;; Data Integrity Scan for Crash Recovery; \Microsoft\Windows\Data Integrity Scan; {DCFD3EA8-D960-4719-8206-490AE315F94F},-CrashRecovery; ;;
6,2;; Data Integrity Scan; \Microsoft\Windows\Data Integrity Scan; {DCFD3EA8-D960-4719-8206-490AE315F94F}; ;;
6,2;; Device Install Group Policy; \Microsoft\Windows\Plug and Play; {60400283-B242-4FA8-8C25-CAF695B88209}; ;;
6,2;; Device Install Reboot Required; \Microsoft\Windows\Plug and Play; {48794782-6A1F-47B9-BD52-1D5F95D49C1B}; ;;
6,2;; EOSNotify; \Microsoft\Windows\Setup; %windir%\system32\EOSNotify.exe; ;;
6,2;; FamilySafetyMonitor; \Microsoft\Windows\Shell; %windir%\System32\wpcmon.exe; ;;
6,2;; FamilySafetyRefresh; \Microsoft\Windows\Shell; {EBF00FCB-0769-4B81-9BEC-6C05514111AA},$(Arg0); ;;
6,2;; File History (maintenance mode); \Microsoft\Windows\FileHistory; {89917B7C-A1A6-11DF-8BF6-18A90531A85A}; ;;
6,2;; ForceSynchronizeTime; \Microsoft\Windows\Time Synchronization; {A31AD6C2-FF4C-43D4-8E90-7101023096F9},TimeSyncTask; ;;
6,2;; GadgetManager; \Microsoft\Windows\SideShow; {FF87090D-4A9A-4F47-879B-29A80C355D61},$(Arg0); ;;
6,2;; GatherNetworkInfo; \Microsoft\Windows\NetTrace; %windir%\system32\gatherNetworkInfo.vbs; ;;
6,2;; HiveUploadTask; \Microsoft\Windows\User Profile Service; {BA677074-762C-444B-94C8-8C83F93F6605}; ;;
6,2;; HotStart; \Microsoft\Windows\MobilePC; {06DA0625-9701-43DA-BFD7-FBEEA2180A1E}; ;;
6,2;; Idle Maintenance; \Microsoft\Windows\TaskScheduler; {57BFCFDD-EEE4-4DBB-A751-3CDEB169FF44},Idle; ;;
6,2;; IndexerAutomaticMaintenance; \Microsoft\Windows\Shell; {3FBA60A6-7BF5-4868-A2CA-6623B3DFFEA6}; ;;
6,2;; Interactive; \Microsoft\Windows\Task Manager; {855FEC53-D2E4-4999-9E87-3414E9CF0FF4},$(Arg0); ;;
6,2;; KernelCeipTask; \Microsoft\Windows\Customer Experience Improvement Program; {E7ED314F-2816-4C26-AEB5-54A34D02404C}; ;;
6,2;; License Validation; \Microsoft\Windows\WS; rundll32.exe; WSClient.dll,WSpTLR licensing;;
6,2;; Logon Synchronization; \Microsoft\Windows\Offline Files; {FA3F3DD9-4C1A-456B-A8FA-C76EF3ED83B8},Logon; ;;
6,2;; LPRemove; \Microsoft\Windows\MUI; %windir%\system32\lpremove.exe; ;;
6,2;; Maintenance Configurator; \Microsoft\Windows\TaskScheduler; {645E29EA-4B0A-464C-8B7D-1A6B9F9D92A8}; ;;
6,2;; MaintenanceTask; \Microsoft\Windows\Live\Roaming; {0AC1DBCA-7F9F-47FC-A090-34E5FEB291E8}; ;;
6,2;; Manual Maintenance; \Microsoft\Windows\TaskScheduler; {57BFCFDD-EEE4-4DBB-A751-3CDEB169FF44},Manual; ;;
6,2;; Metadata Refresh; \Microsoft\Windows\Device Setup; {23C1F3CF-C110-4512-ACA9-7B6174ECE888}; ;;
6,2;; Microsoft Compatibility Appraiser; \Microsoft\Windows\Application Experience; %windir%\system32\CompatTelRunner.exe; ;;
6,2;; Microsoft-Windows-DiskDiagnosticDataCollector; \Microsoft\Windows\DiskDiagnostic; %windir%\system32\rundll32.exe; dfdts.dll,DfdGetDefaultPolicyAndSMART;;
6,2;; Microsoft-Windows-DiskDiagnosticResolver; \Microsoft\Windows\DiskDiagnostic; %windir%\system32\DFDWiz.exe; ;;
6,2;; MNO Metadata Parser; \Microsoft\Windows\Mobile Broadband Accounts; %SystemRoot%\System32\MbaeParserTask.exe; ;;
6,2;; MobilityManager; \Microsoft\Windows\Ras; {C463A0FC-794F-4FDF-9201-01938CEACAFA}; ;;
6,2;; MsCtfMonitor; \Microsoft\Windows\TextServicesFramework; {01575CFE-9A55-4003-A5E1-F38D1EBDCBE1}; ;;
6,2;; Notifications; \Microsoft\Windows\Location; %windir%\System32\LocationNotifications.exe; ;;
6,2;; PolicyConverter; \Microsoft\Windows\AppID; %windir%\system32\appidpolicyconverter.exe; ;;
6,2;; ProactiveScan; \Microsoft\Windows\Chkdsk; {CF4270F5-2E43-4468-83B3-A8C45BB33EA1}; ;;
6,2;; ProcessMemoryDiagnosticEvents; \Microsoft\Windows\MemoryDiagnostic; {8168E74A-B39F-46D8-ADCD-7BED477B80A3},Event; ;;
6,2;; ProgramDataUpdater; \Microsoft\Windows\Application Experience; %windir%\system32\rundll32.exe; %windir%\system32\invagent.dll,RunUpdate|aepdu.dll,AePduRunUpdate;;
6,2;; Property Definition Sync; \Microsoft\Windows\File Classification Infrastructure; {2AE64751-B728-4D6B-97A0-B2DA2E7D2A3B}; ;;
6,2;; Proxy; \Microsoft\Windows\Autochk; %windir%\system32\rundll32.exe; /d acproxy.dll,PerformAutochkOperations;;
6,2;; QueueReporting; \Microsoft\Windows\Windows Error Reporting; %windir%\system32\wermgr.exe; -queuereporting;;
6,2;; RacTask; \Microsoft\Windows\RAC; {42060D27-CA53-41F5-96E4-B1E8169308A6},$(Arg0); ;;
6,2;; RegIdleBackup; \Microsoft\Windows\Registry; {CA767AA8-9157-4604-B64B-40747123D5F2}; ;;
6,2;; Regular Maintenance; \Microsoft\Windows\TaskScheduler; {57BFCFDD-EEE4-4DBB-A751-3CDEB169FF44},Regular; ;;
6,2;; RemoteAssistanceTask; \Microsoft\Windows\RemoteAssistance; %windir%\system32\RAServer.exe; /offerraupdate;;
6,2;; ResolutionHost; \Microsoft\Windows\WDI; {900BE39D-6BE8-461A-BC4D-B0FA71F5ECB1}; ;;
6,2;; RunFullMemoryDiagnostic; \Microsoft\Windows\MemoryDiagnostic; {8168E74A-B39F-46D8-ADCD-7BED477B80A3},Time; ;;
6,2;; Scheduled Start; \Microsoft\Windows\WindowsUpdate; %systemroot%\System32\sc.exe; start wuauserv;;
6,2;; Scheduled; \Microsoft\Windows\Diagnosis; {C1F85EF8-BCC2-4606-BB39-70C523715EB3}; ;;
6,2;; ScheduledDefrag; \Microsoft\Windows\Defrag; %windir%\system32\defrag.exe; -c -h -o -$;;
6,2;; Secure-Boot-Update; \Microsoft\Windows\PI; {5014B7C8-934E-4262-9816-887FA745A6C4},SBServicing; ;;
6,2;; SessionAgent; \Microsoft\Windows\SideShow; {45F26E9E-6199-477F-85DA-AF1EDFE067B1}; ;;
6,2;; SmartScreenSpecific; \Microsoft\Windows\AppID; {9F2B0085-9218-42A1-88B0-9F0E65851666},U; ;;
6,2;; SpaceAgentTask; \Microsoft\Windows\SpacePort; %windir%\system32\SpaceAgent.exe; ;;
6,2;; SQM data sender; \Microsoft\Windows\IME; {CCB1D8CB-D39F-41C9-B793-0196214BDC4E}; ;;
6,2;; Sqm-Tasks; \Microsoft\Windows\PI; {5014B7C8-934E-4262-9816-887FA745A6C4},PiSqmTasks; ;;
6,2;; SR; \Microsoft\Windows\SystemRestore; %windir%\system32\srtasks.exe; ExecuteScheduledSPPCreation;;
6,2;; StartComponentCleanup; \Microsoft\Windows\Servicing; dism.exe|{752073A1-23F2-4396-85F0-8FDB879ED0ED}; /online /cleanup-image /startcomponentcleanup /asynchronous|;;
6,2;; StartupAppTask; \Microsoft\Windows\Application Experience; %windir%\system32\rundll32.exe; Startupscan.dll,SusRunTask;;
6,2;; SvcRestartTask; \Microsoft\Windows\SoftwareProtectionPlatform; {B1AEBB5D-EAD9-4476-B375-9C3ED9F32AFC},timer; ;;
6,2;; SvcRestartTaskLogon; \Microsoft\Windows\SoftwareProtectionPlatform; {B1AEBB5D-EAD9-4476-B375-9C3ED9F32AFC},logon; ;;
6,2;; SvcRestartTaskNetwork; \Microsoft\Windows\SoftwareProtectionPlatform; {B1AEBB5D-EAD9-4476-B375-9C3ED9F32AFC},network; ;;
6,2;; Sync Licenses; \Microsoft\Windows\WS; {10F591BE-3C84-418A-86DD-BAA002E2F36E}; ;;
6,2;; SynchronizeTime; \Microsoft\Windows\Time Synchronization; %windir%\system32\sc.exe; start w32time task_started;;
6,2;; SynchronizeWithStorage; \Microsoft\Windows\Live\Roaming; {5F074BDF-4BA3-4E68-AE86-2A6B0B5963B0}; ;;
6,2;; Sysprep Generalize Drivers; \Microsoft\Windows\Plug and Play; %SystemRoot%\System32\drvinst.exe; 6;;
6,2;; SystemDataProviders; \Microsoft\Windows\SideShow; {7CCA6768-8373-4D28-8876-83E8B4E3A969}; ;;
6,2;; SystemSoundsService; \Microsoft\Windows\Multimedia; {2DEA658F-54C1-4227-AF9B-260AB5FC3543}; ;;
6,2;; SystemTask; \Microsoft\Windows\CertificateServicesClient; {58FB76B9-AC85-4E55-AC04-427593B1D060},SYSTEM; ;;
6,2;; Tpm-Maintenance; \Microsoft\Windows\TPM; {5014B7C8-934E-4262-9816-887FA745A6C4},TpmTasks; ;;
6,2;; UninstallDeviceTask; \Microsoft\Windows\Bluetooth; BthUdTask.exe; $(Arg0);;
6,2;; UpdateLibrary; \Microsoft\Windows\Windows Media Sharing; "%ProgramFiles%\Windows Media Player\wmpnscfg.exe"; ;;
6,2;; UPnPHostConfig; \Microsoft\Windows\UPnP; sc.exe; config upnphost start= auto;;
6,2;; UsbCeip; \Microsoft\Windows\Customer Experience Improvement Program; {C27F6B1D-FE0B-45E4-9257-38799FA69BC8},SYSTEM; ;;
6,2;; UserTask-Roam; \Microsoft\Windows\CertificateServicesClient; {58FB76B9-AC85-4E55-AC04-427593B1D060},KEYROAMING; ;;
6,2;; UserTask; \Microsoft\Windows\CertificateServicesClient; {58FB76B9-AC85-4E55-AC04-427593B1D060},USER; ;;
6,2;; VerifiedPublisherCertStoreCheck; \Microsoft\Windows\AppID; %windir%\system32\appidcertstorecheck.exe; ;;
6,2;; Windows Defender Cache Maintenance; \Microsoft\Windows\Windows Defender; %ProgramFiles%\Windows Defender\MpCmdRun.exe; -IdleTask -TaskName WdCacheMaintenance;;
6,2;; Windows Defender Cleanup; \Microsoft\Windows\Windows Defender; %ProgramFiles%\Windows Defender\MpCmdRun.exe; -IdleTask -TaskName WdCleanup;;
6,2;; Windows Defender Scheduled Scan; \Microsoft\Windows\Windows Defender; %ProgramFiles%\Windows Defender\MpCmdRun.exe; Scan -ScheduleJob;;
6,2;; Windows Defender Verification; \Microsoft\Windows\Windows Defender; %ProgramFiles%\Windows Defender\MpCmdRun.exe; -IdleTask -TaskName WdVerification;;
6,2;; WinSAT; \Microsoft\Windows\Maintenance; {A9A33436-678B-4C9C-A211-7CC38785E79D}; ;;
6,2;; WSRefreshBannedAppsListTask; \Microsoft\Windows\WS; rundll32.exe; WSClient.dll,RefreshBannedAppsList;;
6,2;; WsSwapAssessmentTask; \Microsoft\Windows\Sysmain; %windir%\system32\rundll32.exe; sysmain.dll,PfSvWsSwapAssessmentTask;;
6,2;; WSTask; \Microsoft\Windows\WS; {E52C9A25-F3E8-49E4-BAA7-FAD0EF620129},$(Arg0)\\\,$(Arg1); ;;

Win8.1
6,3;; .NET Framework NGEN v4.0.30319 64 Critical; \Microsoft\Windows\.NET Framework; {613FBA38-A3DF-4AB8-9674-5604984A299A},/RuntimeWide; ;;
6,3;; .NET Framework NGEN v4.0.30319 64; \Microsoft\Windows\.NET Framework; {429BC048-379E-45E0-80E4-EB1977941B5C},/RuntimeWide; ;;
6,3;; .NET Framework NGEN v4.0.30319 Critical; \Microsoft\Windows\.NET Framework; {DE434264-8FE9-4C0B-A83B-89EBEEBFF78E},/RuntimeWide; ;;
6,3;; .NET Framework NGEN v4.0.30319; \Microsoft\Windows\.NET Framework; {84F0FAE1-C27B-4F6F-807B-28CF6F96287D},/RuntimeWide; ;;
6,3;; AD RMS Rights Policy Template Management (Automated); \Microsoft\Windows\Active Directory Rights Management Services Client; {CF2CF428-325B-48D3-8CA8-7633E36E5A32}; ;;
6,3;; AD RMS Rights Policy Template Management (Manual); \Microsoft\Windows\Active Directory Rights Management Services Client; {BF5CB148-7C77-4D8A-A53E-D81C70CF743C}; ;;
6,3;; AitAgent; \Microsoft\Windows\Application Experience; aitagent; /increment;;
6,3;; AnalyzeSystem; \Microsoft\Windows\Power Efficiency Diagnostics; {927EA2AF-1C54-43D5-825E-0074CE028EEE}; ;;
6,3;; AUFirmwareInstall; \Microsoft\Windows\WindowsUpdate; {EFF7F153-1C97-417A-B633-FEDE6683A939}; ;;
6,3;; AUScheduledInstall; \Microsoft\Windows\WindowsUpdate; {F3B4E234-7A68-4E43-B813-E4BA55A065F6}; ;;
6,3;; AUSessionConnect; \Microsoft\Windows\WindowsUpdate; {784E29F4-5EBE-4279-9948-1E8FE941646D}; ;;
6,3;; Automatic-Workplace-Join; \Microsoft\Windows\Workplace Join; %SystemRoot%\System32\AutoWorkplace.exe; join;;
6,3;; Background Synchronization; \Microsoft\Windows\Offline Files; {FA3F3DD9-4C1A-456B-A8FA-C76EF3ED83B8}; ;;
6,3;; BackgroundConfigSurveyor; \Microsoft\Windows\PerfTrack; {EA9155A3-8A39-40B4-8963-D3C761B18371}; ;;
6,3;; BackgroundUploadTask; \Microsoft\Windows\SettingSync; {59B9640B-3F70-4D1C-B159-F26EEB8A4C87}; ;;
6,3;; BackupTask; \Microsoft\Windows\SettingSync; {60A4C78C-E2B8-4E6E-876F-DA203B02C05E}; ;;
6,3;; Badge Update; \Microsoft\Windows\WS; {00CCDDF6-5107-424D-853D-3907AE5502DC}; ;;
6,3;; BfeOnServiceStartTypeChange; \Microsoft\Windows\Windows Filtering Platform; %windir%\system32\rundll32.exe; bfe.dll,BfeOnServiceStartTypeChange;;
6,3;; BindingWorkItemQueueHandler; \Microsoft\Windows\NetCfg; {5AA199A0-1CED-43A5-9B85-3226086738A3}; ;;
6,3;; BthSQM; \Microsoft\Windows\Customer Experience Improvement Program; {C8367320-6F85-11E0-A1F0-0800200C9A66},SYSTEM; ;;
6,3;; CacheTask; \Microsoft\Windows\Wininet; {0358B920-0AC7-461F-98F4-58E32CD89148}; ;;
6,3;; Calibration Loader; \Microsoft\Windows\WindowsColorSystem; {B210D694-C8DF-490D-9576-9E20CDBC20BD}; ;;
6,3;; CleanupTemporaryState; \Microsoft\Windows\ApplicationData; %windir%\system32\rundll32.exe; Windows.Storage.ApplicationData.dll,CleanupTemporaryState;;
6,3;; Consolidator; \Microsoft\Windows\Customer Experience Improvement Program; %SystemRoot%\System32\wsqmcons.exe; ;;
6,3;; CreateObjectTask; \Microsoft\Windows\Shell; {990A9F8F-301F-45F7-8D0E-68C5952DBA43}; ;;
6,3;; Data Integrity Scan for Crash Recovery; \Microsoft\Windows\Data Integrity Scan; {DCFD3EA8-D960-4719-8206-490AE315F94F},-CrashRecovery; ;;
6,3;; Data Integrity Scan; \Microsoft\Windows\Data Integrity Scan; {DCFD3EA8-D960-4719-8206-490AE315F94F}; ;;
6,3;; Device Install Group Policy; \Microsoft\Windows\Plug and Play; {60400283-B242-4FA8-8C25-CAF695B88209}; ;;
6,3;; Device Install Reboot Required; \Microsoft\Windows\Plug and Play; {48794782-6A1F-47B9-BD52-1D5F95D49C1B}; ;;
6,3;; Diagnostics; \Microsoft\Windows\DiskFootprint; {5B6B6834-34F0-49B9-AD4E-81D4994C7A74}; ;;
6,3;; FamilySafetyMonitor; \Microsoft\Windows\Shell; %windir%\System32\wpcmon.exe; ;;
6,3;; FamilySafetyRefresh; \Microsoft\Windows\Shell; {EBF00FCB-0769-4B81-9BEC-6C05514111AA},$(Arg0); ;;
6,3;; FamilySafetyUpload; \Microsoft\Windows\Shell; {EBF00FCB-0769-4B81-9BEC-6C05514111AA},4; ;;
6,3;; File History (maintenance mode); \Microsoft\Windows\FileHistory; {89917B7C-A1A6-11DF-8BF6-18A90531A85A}; ;;
6,3;; ForceSynchronizeTime; \Microsoft\Windows\Time Synchronization; {A31AD6C2-FF4C-43D4-8E90-7101023096F9},TimeSyncTask; ;;
6,3;; GatherNetworkInfo; \Microsoft\Windows\NetTrace; %windir%\system32\gatherNetworkInfo.vbs; ;;
6,3;; HiveUploadTask; \Microsoft\Windows\User Profile Service; {BA677074-762C-444B-94C8-8C83F93F6605}; ;;
6,3;; HybridDriveCachePrepopulate; \Microsoft\Windows\Sysmain; {17C82257-654E-4C47-8E23-DCA24EAA76A0}; ;;
6,3;; HybridDriveCacheRebalance; \Microsoft\Windows\Sysmain; {D44377B8-1F2F-4FAA-9C8E-6C4AD2928E47}; ;;
6,3;; Idle Maintenance; \Microsoft\Windows\TaskScheduler; {57BFCFDD-EEE4-4DBB-A751-3CDEB169FF44},Idle; ;;
6,3;; Idle Sync Maintenance Task; \Microsoft\Windows\SkyDrive; {BF6C1E47-86EC-4194-9CE5-13C15DCB2001},IdleSyncMaintenance; ;;
6,3;; IndexerAutomaticMaintenance; \Microsoft\Windows\Shell; {3FBA60A6-7BF5-4868-A2CA-6623B3DFFEA6}; ;;
6,3;; Interactive; \Microsoft\Windows\Task Manager; {855FEC53-D2E4-4999-9E87-3414E9CF0FF4},$(Arg0); ;;
6,3;; KernelCeipTask; \Microsoft\Windows\Customer Experience Improvement Program; {E7ED314F-2816-4C26-AEB5-54A34D02404C}; ;;
6,3;; License Validation; \Microsoft\Windows\WS; rundll32.exe; WSClient.dll,WSpTLR licensing;;
6,3;; Logon Synchronization; \Microsoft\Windows\Offline Files; {FA3F3DD9-4C1A-456B-A8FA-C76EF3ED83B8},Logon; ;;
6,3;; LPRemove; \Microsoft\Windows\MUI; %windir%\system32\lpremove.exe; ;;
6,3;; Maintenance Configurator; \Microsoft\Windows\TaskScheduler; {645E29EA-4B0A-464C-8B7D-1A6B9F9D92A8}; ;;
6,3;; Manual Maintenance; \Microsoft\Windows\TaskScheduler; {57BFCFDD-EEE4-4DBB-A751-3CDEB169FF44},Manual; ;;
6,3;; Metadata Refresh; \Microsoft\Windows\Device Setup; {23C1F3CF-C110-4512-ACA9-7B6174ECE888}; ;;
6,3;; Microsoft Compatibility Appraiser; \Microsoft\Windows\Application Experience; %windir%\system32\CompatTelRunner.exe; ;;
6,3;; Microsoft-Windows-DiskDiagnosticDataCollector; \Microsoft\Windows\DiskDiagnostic; %windir%\system32\rundll32.exe; dfdts.dll,DfdGetDefaultPolicyAndSMART;;
6,3;; Microsoft-Windows-DiskDiagnosticResolver; \Microsoft\Windows\DiskDiagnostic; %windir%\system32\DFDWiz.exe; ;;
6,3;; MNO Metadata Parser; \Microsoft\Windows\Mobile Broadband Accounts; %SystemRoot%\System32\MbaeParserTask.exe; ;;
6,3;; MobilityManager; \Microsoft\Windows\Ras; {C463A0FC-794F-4FDF-9201-01938CEACAFA}; ;;
6,3;; MRT_ERROR_HB; \Microsoft\Windows\RemovalTools; %SystemRoot%\system32\MRT.exe; /EHB /HeartbeatFailure "SubmitHeartbeatReportData" /HeartbeatError "0x80072ee7";;
6,3;; MsCtfMonitor; \Microsoft\Windows\TextServicesFramework; {01575CFE-9A55-4003-A5E1-F38D1EBDCBE1}; ;;
6,3;; NetworkStateChangeTask; \Microsoft\Windows\SettingSync; {A4173A49-F373-4475-9A0F-2D615204DC20}; ;;
6,3;; Notifications; \Microsoft\Windows\Location; %windir%\System32\LocationNotifications.exe; ;;
6,3;; Plug and Play Cleanup; \Microsoft\Windows\Plug and Play; {DEF03232-9688-11E2-BE7F-B4B52FD966FF}; ;;
6,3;; PolicyConverter; \Microsoft\Windows\AppID; %windir%\system32\appidpolicyconverter.exe; ;;
6,3;; Pre-staged app cleanup; \Microsoft\Windows\AppxDeploymentClient; %windir%\system32\rundll32.exe; %windir%\system32\AppxDeploymentClient.dll,AppxPreStageCleanupRunTask;;
6,3;; ProactiveScan; \Microsoft\Windows\Chkdsk; {CF4270F5-2E43-4468-83B3-A8C45BB33EA1}; ;;
6,3;; ProcessMemoryDiagnosticEvents; \Microsoft\Windows\MemoryDiagnostic; {8168E74A-B39F-46D8-ADCD-7BED477B80A3},Event; ;;
6,3;; ProgramDataUpdater; \Microsoft\Windows\Application Experience; %windir%\system32\rundll32.exe; %windir%\system32\invagent.dll,RunUpdate|aepdu.dll,AePduRunUpdate;;
6,3;; Property Definition Sync; \Microsoft\Windows\File Classification Infrastructure; {2AE64751-B728-4D6B-97A0-B2DA2E7D2A3B}; ;;
6,3;; Proxy; \Microsoft\Windows\Autochk; %windir%\system32\rundll32.exe; /d acproxy.dll,PerformAutochkOperations;;
6,3;; QueueReporting; \Microsoft\Windows\Windows Error Reporting; %windir%\system32\wermgr.exe; -queuereporting;;
6,3;; RacTask; \Microsoft\Windows\RAC; {42060D27-CA53-41F5-96E4-B1E8169308A6},$(Arg0); ;;
6,3;; RegIdleBackup; \Microsoft\Windows\Registry; {CA767AA8-9157-4604-B64B-40747123D5F2}; ;;
6,3;; Regular Maintenance; \Microsoft\Windows\TaskScheduler; {57BFCFDD-EEE4-4DBB-A751-3CDEB169FF44},Regular; ;;
6,3;; RemoteAssistanceTask; \Microsoft\Windows\RemoteAssistance; %windir%\system32\RAServer.exe; /offerraupdate;;
6,3;; ResolutionHost; \Microsoft\Windows\WDI; {900BE39D-6BE8-461A-BC4D-B0FA71F5ECB1}; ;;
6,3;; Routine Maintenance Task; \Microsoft\Windows\SkyDrive; {1B1F472E-3221-4826-97DB-2C2324D389AE},RoutineMaintenance; ;;
6,3;; RunFullMemoryDiagnostic; \Microsoft\Windows\MemoryDiagnostic; {8168E74A-B39F-46D8-ADCD-7BED477B80A3},Time; ;;
6,3;; Scheduled Start With Network; \Microsoft\Windows\WindowsUpdate; %SystemRoot%\system32\sc.exe; start wuauserv;;
6,3;; Scheduled Start; \Microsoft\Windows\WindowsUpdate; %SystemRoot%\system32\sc.exe; start wuauserv;;
6,3;; Scheduled; \Microsoft\Windows\Diagnosis; {C1F85EF8-BCC2-4606-BB39-70C523715EB3}; ;;
6,3;; ScheduledDefrag; \Microsoft\Windows\Defrag; %windir%\system32\defrag.exe; -c -h -o -$;;
6,3;; Secure-Boot-Update; \Microsoft\Windows\PI; {5014B7C8-934E-4262-9816-887FA745A6C4},SBServicing; ;;
6,3;; SilentCleanup; \Microsoft\Windows\DiskCleanup; %windir%\system32\cleanmgr.exe; /autoclean /d %systemdrive%;;
6,3;; SmartScreenSpecific; \Microsoft\Windows\AppID; {9F2B0085-9218-42A1-88B0-9F0E65851666},U; ;;
6,3;; SpaceAgentTask; \Microsoft\Windows\SpacePort; %windir%\system32\SpaceAgent.exe; ;;
6,3;; SQM data sender; \Microsoft\Windows\IME; {CCB1D8CB-D39F-41C9-B793-0196214BDC4E}; ;;
6,3;; Sqm-Tasks; \Microsoft\Windows\PI; {5014B7C8-934E-4262-9816-887FA745A6C4},PiSqmTasks; ;;
6,3;; SR; \Microsoft\Windows\SystemRestore; %windir%\system32\srtasks.exe; ExecuteScheduledSPPCreation;;
6,3;; StartComponentCleanup; \Microsoft\Windows\Servicing; {752073A1-23F2-4396-85F0-8FDB879ED0ED}; ;;
6,3;; StartupAppTask; \Microsoft\Windows\Application Experience; %windir%\system32\rundll32.exe; Startupscan.dll,SusRunTask;;
6,3;; SvcRestartTask; \Microsoft\Windows\SoftwareProtectionPlatform; {B1AEBB5D-EAD9-4476-B375-9C3ED9F32AFC},timer; ;;
6,3;; SvcRestartTaskLogon; \Microsoft\Windows\SoftwareProtectionPlatform; {B1AEBB5D-EAD9-4476-B375-9C3ED9F32AFC},logon; ;;
6,3;; SvcRestartTaskNetwork; \Microsoft\Windows\SoftwareProtectionPlatform; {B1AEBB5D-EAD9-4476-B375-9C3ED9F32AFC},network; ;;
6,3;; Sync Licenses; \Microsoft\Windows\WS; {10F591BE-3C84-418A-86DD-BAA002E2F36E}; ;;
6,3;; SynchronizeTime; \Microsoft\Windows\Time Synchronization; %windir%\system32\sc.exe; start w32time task_started;;
6,3;; SynchronizeTimeZone; \Microsoft\Windows\Time Zone; %windir%\system32\tzsync.exe; ;;
6,3;; Sysprep Generalize Drivers; \Microsoft\Windows\Plug and Play; %SystemRoot%\System32\drvinst.exe; 6;;
6,3;; SystemSoundsService; \Microsoft\Windows\Multimedia; {2DEA658F-54C1-4227-AF9B-260AB5FC3543}; ;;
6,3;; SystemTask; \Microsoft\Windows\CertificateServicesClient; {58FB76B9-AC85-4E55-AC04-427593B1D060},SYSTEM; ;;
6,3;; Tpm-Maintenance; \Microsoft\Windows\TPM; {5014B7C8-934E-4262-9816-887FA745A6C4},TpmTasks; ;;
6,3;; UninstallDeviceTask; \Microsoft\Windows\Bluetooth; BthUdTask.exe; $(Arg0);;
6,3;; UpdateLibrary; \Microsoft\Windows\Windows Media Sharing; "%ProgramFiles%\Windows Media Player\wmpnscfg.exe"; ;;
6,3;; UPnPHostConfig; \Microsoft\Windows\UPnP; sc.exe; config upnphost start= auto;;
6,3;; UsbCeip; \Microsoft\Windows\Customer Experience Improvement Program; {C27F6B1D-FE0B-45E4-9257-38799FA69BC8},SYSTEM; ;;
6,3;; UserTask-Roam; \Microsoft\Windows\CertificateServicesClient; {58FB76B9-AC85-4E55-AC04-427593B1D060},KEYROAMING; ;;
6,3;; UserTask; \Microsoft\Windows\CertificateServicesClient; {58FB76B9-AC85-4E55-AC04-427593B1D060},USER; ;;
6,3;; VerifiedPublisherCertStoreCheck; \Microsoft\Windows\AppID; %windir%\system32\appidcertstorecheck.exe; ;;
6,3;; VerifyWinRE; \Microsoft\Windows\RecoveryEnvironment; {89D1D0C2-A3CF-490C-ABE3-B86CDE34B047},VerifyWinRE; ;;
6,3;; WIM-Hash-Management; \Microsoft\Windows\WOF; {B7BFFB5A-EFA8-4D8C-BBDE-C8D5FAAF54A1},WimHashManagement; ;;
6,3;; WIM-Hash-Validation; \Microsoft\Windows\WOF; {B7BFFB5A-EFA8-4D8C-BBDE-C8D5FAAF54A1},WimHashValidation; ;;
6,3;; Windows Defender Cache Maintenance; \Microsoft\Windows\Windows Defender; %ProgramFiles%\Windows Defender\MpCmdRun.exe; -IdleTask -TaskName WdCacheMaintenance;;
6,3;; Windows Defender Cleanup; \Microsoft\Windows\Windows Defender; %ProgramFiles%\Windows Defender\MpCmdRun.exe; -IdleTask -TaskName WdCleanup;;
6,3;; Windows Defender Scheduled Scan; \Microsoft\Windows\Windows Defender; %ProgramFiles%\Windows Defender\MpCmdRun.exe; Scan -ScheduleJob;;
6,3;; Windows Defender Verification; \Microsoft\Windows\Windows Defender; %ProgramFiles%\Windows Defender\MpCmdRun.exe; -IdleTask -TaskName WdVerification;;
6,3;; WinSAT; \Microsoft\Windows\Maintenance; {A9A33436-678B-4C9C-A211-7CC38785E79D}; ;;
6,3;; Work Folders Logon Synchronization; \Microsoft\Windows\Work Folders; {97D47D56-3777-49FB-8E8F-90D7E30E1A1E},Logon; ;;
6,3;; Work Folders Maintenance Work; \Microsoft\Windows\Work Folders; {63260BCE-A3FB-4A34-AA51-D4D8E877B62B}; ;;
6,3;; WSRefreshBannedAppsListTask; \Microsoft\Windows\WS; rundll32.exe; WSClient.dll,RefreshBannedAppsList;;
6,3;; WsSwapAssessmentTask; \Microsoft\Windows\Sysmain; %windir%\system32\rundll32.exe; sysmain.dll,PfSvWsSwapAssessmentTask;;
6,3;; WSTask; \Microsoft\Windows\WS; {E52C9A25-F3E8-49E4-BAA7-FAD0EF620129},$(Arg0)\\\,$(Arg1); ;;

Win10
10;; .NET Framework NGEN v4.0.30319 64 Critical; \Microsoft\Windows\.NET Framework; {613FBA38-A3DF-4AB8-9674-5604984A299A},/RuntimeWide; ;;
10;; .NET Framework NGEN v4.0.30319 64; \Microsoft\Windows\.NET Framework; {429BC048-379E-45E0-80E4-EB1977941B5C},/RuntimeWide; ;;
10;; .NET Framework NGEN v4.0.30319 Critical; \Microsoft\Windows\.NET Framework; {DE434264-8FE9-4C0B-A83B-89EBEEBFF78E},/RuntimeWide; ;;
10;; .NET Framework NGEN v4.0.30319; \Microsoft\Windows\.NET Framework; {84F0FAE1-C27B-4F6F-807B-28CF6F96287D},/RuntimeWide; ;;
10;; Account Cleanup; \Microsoft\Windows\SharedPC; %windir%\System32\rundll32.exe; %windir%\System32\Windows.SharedPC.AccountManager.dll,StartMaintenance;;
10;; AD RMS Rights Policy Template Management (Automated); \Microsoft\Windows\Active Directory Rights Management Services Client; {CF2CF428-325B-48D3-8CA8-7633E36E5A32}; ;;
10;; AD RMS Rights Policy Template Management (Manual); \Microsoft\Windows\Active Directory Rights Management Services Client; {BF5CB148-7C77-4D8A-A53E-D81C70CF743C}; ;;
10;; AikCertEnrollTask; \Microsoft\Windows\CertificateServicesClient; {47E30D54-DAC1-473A-AFF7-2355BF78881F},AIKCertEnroll; ;;
10;; AnalyzeSystem; \Microsoft\Windows\Power Efficiency Diagnostics; {927EA2AF-1C54-43D5-825E-0074CE028EEE}; ;;
10;; appuriverifierdaily; \Microsoft\Windows\ApplicationData; %windir%\system32\AppHostRegistrationVerifier.exe; ;;
10;; appuriverifierinstall; \Microsoft\Windows\ApplicationData; %windir%\system32\AppHostRegistrationVerifier.exe; ;;
10;; Automatic App Update; \Microsoft\Windows\WindowsUpdate; {A6BA00FE-40E8-477C-B713-C64A14F18ADB}; ;;
10;; Automatic-Device-Join; \Microsoft\Windows\Workplace Join; %SystemRoot%\System32\dsregcmd.exe; ;;
10;; Background Synchronization; \Microsoft\Windows\Offline Files; {FA3F3DD9-4C1A-456B-A8FA-C76EF3ED83B8}; ;;
10;; BackgroundUploadTask; \Microsoft\Windows\SettingSync; {59B9640B-3F70-4D1C-B159-F26EEB8A4C87}; ;;
10;; BackupTask; \Microsoft\Windows\SettingSync; {60A4C78C-E2B8-4E6E-876F-DA203B02C05E}; ;;
10;; BfeOnServiceStartTypeChange; \Microsoft\Windows\Windows Filtering Platform; %windir%\system32\rundll32.exe; bfe.dll,BfeOnServiceStartTypeChange;;
10;; CacheTask; \Microsoft\Windows\Wininet; {0358B920-0AC7-461F-98F4-58E32CD89148}; ;;
10;; Calibration Loader; \Microsoft\Windows\WindowsColorSystem; {B210D694-C8DF-490D-9576-9E20CDBC20BD}; ;;
10;; CleanupOfflineContent; \Microsoft\Windows\RetailDemo; {61F77D5E-AFE9-400B-A5E6-E9E80FC8E601}; ;;
10;; CleanupTemporaryState; \Microsoft\Windows\ApplicationData; %windir%\system32\rundll32.exe; Windows.Storage.ApplicationData.dll,CleanupTemporaryState;;
10;; Consolidator; \Microsoft\Windows\Customer Experience Improvement Program; %SystemRoot%\System32\wsqmcons.exe; ;;
10;; CreateObjectTask; \Microsoft\Windows\CloudExperienceHost; {E4544ABA-62BF-4C54-AAB2-EC246342626C}; ;;
10;; CreateObjectTask; \Microsoft\Windows\Shell; {990A9F8F-301F-45F7-8D0E-68C5952DBA43}; ;;
10;; CryptoPolicyTask; \Microsoft\Windows\CertificateServicesClient; {47E30D54-DAC1-473A-AFF7-2355BF78881F},CryptoPolicy; ;;
10;; Data Integrity Scan for Crash Recovery; \Microsoft\Windows\Data Integrity Scan; {DCFD3EA8-D960-4719-8206-490AE315F94F},-CrashRecovery; ;;
10;; Data Integrity Scan; \Microsoft\Windows\Data Integrity Scan; {DCFD3EA8-D960-4719-8206-490AE315F94F}; ;;
10;; Device Install Group Policy; \Microsoft\Windows\Plug and Play; {60400283-B242-4FA8-8C25-CAF695B88209}; ;;
10;; Device Install Reboot Required; \Microsoft\Windows\Plug and Play; {48794782-6A1F-47B9-BD52-1D5F95D49C1B}; ;;
10;; Device; \Microsoft\Windows\Device Information; %windir%\system32\devicecensus.exe; ;;
10;; Diagnostics; \Microsoft\Windows\DiskFootprint; %windir%\system32\disksnapshot.exe; -z;;
10;; DmClient; \Microsoft\Windows\Feedback\Siuf; %windir%\system32\dmclient.exe; ;;
10;; DmClientOnScenarioDownload; \Microsoft\Windows\Feedback\Siuf; %windir%\system32\dmclient.exe; utcwnf;;
10;; DsSvcCleanup; \Microsoft\Windows\ApplicationData; %windir%\system32\dstokenclean.exe; ;;
10;; dusmtask; \Microsoft\Windows\DUSM; %SystemRoot%\System32\dusmtask.exe; ;;
10;; EDP App Launch Task; \Microsoft\Windows\EDP; {35EF4182-F900-4632-B072-8639E4478A61},AppLaunch; ;;
10;; EDP Auth Task; \Microsoft\Windows\EDP; {35EF4182-F900-4632-B072-8639E4478A61},ReAuth; ;;
10;; EDP Policy Manager; \Microsoft\Windows\AppID; {DECA92E0-AF85-439E-9204-86679978DA08},EdpPolicyManager; ;;
10;; EnableErrorDetailsUpdate; \Microsoft\Windows\ErrorDetails; {FE285C8C-5360-41C1-A700-045501C740DE}; ;;
10;; EnableLicenseAcquisition; \Microsoft\Windows\Subscription; %SystemRoot%\system32\UpgradeSubscription.exe; -e;;
10;; ErrorDetailsUpdate; \Microsoft\Windows\ErrorDetails; {9CDA66BE-3271-4723-8D35-DD834C58AD92}; ;;
10;; FamilySafetyMonitor; \Microsoft\Windows\Shell; %windir%\System32\wpcmon.exe; ;;
10;; FamilySafetyMonitorToastTask; \Microsoft\Windows\Shell; {D2CBF5F7-5702-440B-8D8F-8203034A6B82},$(Arg0); ;;
10;; FamilySafetyRefresh; \Microsoft\Windows\Shell; {EBF00FCB-0769-4B81-9BEC-6C05514111AA},$(Arg0); ;;
10;; FamilySafetyRefreshTask; \Microsoft\Windows\Shell; {C844C79D-AED8-4DCE-AB25-4D359BED84F8},$(Arg0); ;;
10;; File History (maintenance mode); \Microsoft\Windows\FileHistory; {89917B7C-A1A6-11DF-8BF6-18A90531A85A}; ;;
10;; ForceSynchronizeTime; \Microsoft\Windows\Time Synchronization; {A31AD6C2-FF4C-43D4-8E90-7101023096F9},TimeSyncTask; ;;
10;; GatherNetworkInfo; \Microsoft\Windows\NetTrace; %windir%\system32\gatherNetworkInfo.vbs; ;;
10;; HandleCommand; \Microsoft\Windows\DeviceDirectoryClient; {AE31B729-D5FD-401E-AF42-784074835AFE},-HandleCommand; ;;
10;; HandleWnsCommand; \Microsoft\Windows\DeviceDirectoryClient; {AE31B729-D5FD-401E-AF42-784074835AFE},-WnsCommand; ;;
10;; HiveUploadTask; \Microsoft\Windows\User Profile Service; {BA677074-762C-444B-94C8-8C83F93F6605}; ;;
10;; HybridDriveCachePrepopulate; \Microsoft\Windows\Sysmain; {17C82257-654E-4C47-8E23-DCA24EAA76A0}; ;;
10;; HybridDriveCacheRebalance; \Microsoft\Windows\Sysmain; {D44377B8-1F2F-4FAA-9C8E-6C4AD2928E47}; ;;
10;; IndexerAutomaticMaintenance; \Microsoft\Windows\Shell; {3FBA60A6-7BF5-4868-A2CA-6623B3DFFEA6}; ;;
10;; Installation; \Microsoft\Windows\LanguageComponentsInstaller; {6F58F65F-EC0E-4ACA-99FE-FC5A1A25E4BE},Install $(Arg0); ;;
10;; IntegrityCheck; \Microsoft\Windows\DeviceDirectoryClient; {AE31B729-D5FD-401E-AF42-784074835AFE},-IntegrityCheck; ;;
10;; Interactive; \Microsoft\Windows\Task Manager; {855FEC53-D2E4-4999-9E87-3414E9CF0FF4},$(Arg0); ;;
10;; KernelCeipTask; \Microsoft\Windows\Customer Experience Improvement Program; {E7ED314F-2816-4C26-AEB5-54A34D02404C}; ;;
10;; KeyPreGenTask; \Microsoft\Windows\CertificateServicesClient; {47E30D54-DAC1-473A-AFF7-2355BF78881F},NGCKeyPregen; ;;
10;; License Validation; \Microsoft\Windows\Clip; %SystemRoot%\system32\ClipUp.exe; -p -s -o;;
10;; License Validation; \Microsoft\Windows\WS; rundll32.exe; WSClient.dll,WSpTLR licensing;;
10;; LicenseAcquisition; \Microsoft\Windows\Subscription; %SystemRoot%\system32\UpgradeSubscription.exe; ;;
10;; LocateCommandUserSession; \Microsoft\Windows\DeviceDirectoryClient; {AE31B729-D5FD-401E-AF42-784074835AFE},-UserSessionCommand; ;;
10;; Logon Synchronization; \Microsoft\Windows\Offline Files; {FA3F3DD9-4C1A-456B-A8FA-C76EF3ED83B8},Logon; ;;
10;; Logon; \Microsoft\Windows\Management\Provisioning; %windir%\system32\ProvTool.exe; /turn 5;;
10;; LPRemove; \Microsoft\Windows\MUI; %windir%\system32\lpremove.exe; ;;
10;; Maintenance Install; \Microsoft\Windows\UpdateOrchestrator; %systemroot%\system32\usoclient.exe; StartInstall;;
10;; MapsToastTask; \Microsoft\Windows\Maps; {9885AEF2-BD9F-41E0-B15E-B3141395E803},$(Arg0)\\\,$(Arg1)\\\,$(Arg2)\\\,$(Arg3); ;;
10;; MapsUpdateTask; \Microsoft\Windows\Maps; {B9033E87-33CF-4D77-BC9B-895AFBBA72E4}; ;;
10;; MDMMaintenenceTask; \Microsoft\Windows\EnterpriseMgmt; %windir%\system32\MDMAgent.exe; ;;
10;; Metadata Refresh; \Microsoft\Windows\Device Setup; {23C1F3CF-C110-4512-ACA9-7B6174ECE888}; ;;
10;; Microsoft Compatibility Appraiser; \Microsoft\Windows\Application Experience; %windir%\system32\compattelrunner.exe; ;;
10;; Microsoft-Windows-DiskDiagnosticDataCollector; \Microsoft\Windows\DiskDiagnostic; %windir%\system32\rundll32.exe; dfdts.dll,DfdGetDefaultPolicyAndSMART;;
10;; Microsoft-Windows-DiskDiagnosticResolver; \Microsoft\Windows\DiskDiagnostic; %windir%\system32\DFDWiz.exe; ;;
10;; MNO Metadata Parser; \Microsoft\Windows\Mobile Broadband Accounts; %SystemRoot%\System32\MbaeParserTask.exe; ;;
10;; MobilityManager; \Microsoft\Windows\Ras; {C463A0FC-794F-4FDF-9201-01938CEACAFA}; ;;
10;; MRT_ERROR_HB; \Microsoft\Windows\RemovalTools; %SystemRoot%\system32\MRT.exe; /EHB /HeartbeatFailure "SubmitHeartbeatReportData" /HeartbeatError "0x83760002";;
10;; MRT_HB; \Microsoft\Windows\RemovalTools; %SystemRoot%\system32\MRT.exe; /EHB /Q;;
10;; MsCtfMonitor; \Microsoft\Windows\TextServicesFramework; {01575CFE-9A55-4003-A5E1-F38D1EBDCBE1}; ;;
10;; MusUx_UpdateInterval; \Microsoft\Windows\UpdateOrchestrator; C:\Windows\system32\MusNotification.exe; Display;;
10;; NetworkStateChangeTask; \Microsoft\Windows\SettingSync; {A4173A49-F373-4475-9A0F-2D615204DC20}; ;;
10;; Notifications; \Microsoft\Windows\Location; %windir%\System32\LocationNotificationWindows.exe; ;;
10;; Plug and Play Cleanup; \Microsoft\Windows\Plug and Play; {DEF03232-9688-11E2-BE7F-B4B52FD966FF}; ;;
10;; Policy Install; \Microsoft\Windows\UpdateOrchestrator; %systemroot%\system32\usoclient.exe; StartInstall;;
10;; PolicyConverter; \Microsoft\Windows\AppID; %windir%\system32\appidpolicyconverter.exe; ;;
10;; Pre-staged app cleanup; \Microsoft\Windows\AppxDeploymentClient; %windir%\system32\rundll32.exe; %windir%\system32\AppxDeploymentClient.dll,AppxPreStageCleanupRunTask;;
10;; ProactiveScan; \Microsoft\Windows\Chkdsk; {CF4270F5-2E43-4468-83B3-A8C45BB33EA1}; ;;
10;; ProcessMemoryDiagnosticEvents; \Microsoft\Windows\MemoryDiagnostic; {8168E74A-B39F-46D8-ADCD-7BED477B80A3},Event; ;;
10;; ProgramDataUpdater; \Microsoft\Windows\Application Experience; %windir%\system32\compattelrunner.exe; -maintenance;;
10;; Property Definition Sync; \Microsoft\Windows\File Classification Infrastructure; {2AE64751-B728-4D6B-97A0-B2DA2E7D2A3B}; ;;
10;; Proxy; \Microsoft\Windows\Autochk; %windir%\system32\rundll32.exe; /d acproxy.dll,PerformAutochkOperations;;
10;; QueueReporting; \Microsoft\Windows\Windows Error Reporting; %windir%\system32\wermgr.exe; -upload;;
10;; Reboot; \Microsoft\Windows\UpdateOrchestrator; %systemroot%\system32\MusNotification.exe; |Reboot|ReadyToReboot|RebootDialog|RebootReminder;;
10;; Refresh Settings; \Microsoft\Windows\UpdateOrchestrator; %systemroot%\system32\usoclient.exe; RefreshSettings;;
10;; RegIdleBackup; \Microsoft\Windows\Registry; {CA767AA8-9157-4604-B64B-40747123D5F2}; ;;
10;; RegisterDeviceAccountChange; \Microsoft\Windows\DeviceDirectoryClient; {AE31B729-D5FD-401E-AF42-784074835AFE},-RegisterDevice -AccountChange; ;;
10;; RegisterDeviceConnectedToNetwork; \Microsoft\Windows\DeviceDirectoryClient; {AE31B729-D5FD-401E-AF42-784074835AFE},-RegisterDevice -ConnectedToNetwork; ;;
10;; RegisterDeviceLocationRightsChange; \Microsoft\Windows\DeviceDirectoryClient; {AE31B729-D5FD-401E-AF42-784074835AFE},-RegisterDevice -SettingChange -NoLocation; ;;
10;; RegisterDevicePeriodic1; \Microsoft\Windows\DeviceDirectoryClient; {AE31B729-D5FD-401E-AF42-784074835AFE},-RegisterDevice -Periodic -FreeNetworkOnly; ;;
10;; RegisterDevicePeriodic24; \Microsoft\Windows\DeviceDirectoryClient; {AE31B729-D5FD-401E-AF42-784074835AFE},-RegisterDevice -Periodic; ;;
10;; RegisterDevicePeriodic6; \Microsoft\Windows\DeviceDirectoryClient; {AE31B729-D5FD-401E-AF42-784074835AFE},-RegisterDevice -Periodic; ;;
10;; RegisterDevicePolicyChange; \Microsoft\Windows\DeviceDirectoryClient; {AE31B729-D5FD-401E-AF42-784074835AFE},-RegisterDevice -SettingChange -NoLocation; ;;
10;; RegisterDeviceScreenOnOff; \Microsoft\Windows\DeviceDirectoryClient; {AE31B729-D5FD-401E-AF42-784074835AFE},-RegisterDevice -ScreenOnOff; ;;
10;; RegisterDeviceSettingChange; \Microsoft\Windows\DeviceDirectoryClient; {AE31B729-D5FD-401E-AF42-784074835AFE},-RegisterDevice -SettingChange -Full; ;;
10;; RegisterUserDevice; \Microsoft\Windows\DeviceDirectoryClient; {AE31B729-D5FD-401E-AF42-784074835AFE},-RegisterUserDevice -NewAccount; ;;
10;; RemoteAssistanceTask; \Microsoft\Windows\RemoteAssistance; %windir%\system32\RAServer.exe; /offerraupdate;;
10;; ResolutionHost; \Microsoft\Windows\WDI; {900BE39D-6BE8-461A-BC4D-B0FA71F5ECB1}; ;;
10;; ResPriStaticDbSync; \Microsoft\Windows\Sysmain; {297EE78C-BA95-4E94-81D3-D6E7F089C7B5}; ;;
10;; Resume On Boot; \Microsoft\Windows\UpdateOrchestrator; %systemroot%\system32\usoclient.exe; ResumeUpdate;;
10;; RunFullMemoryDiagnostic; \Microsoft\Windows\MemoryDiagnostic; {8168E74A-B39F-46D8-ADCD-7BED477B80A3},Time; ;;
10;; Schedule Scan; \Microsoft\Windows\UpdateOrchestrator; %systemroot%\system32\usoclient.exe; StartScan;;
10;; Scheduled Start; \Microsoft\Windows\WindowsUpdate; %SystemRoot%\system32\sc.exe; start wuauserv;;
10;; Scheduled; \Microsoft\Windows\Diagnosis; {C1F85EF8-BCC2-4606-BB39-70C523715EB3}; ;;
10;; ScheduledDefrag; \Microsoft\Windows\Defrag; %windir%\system32\defrag.exe; -c -h -o -$;;
10;; Secure-Boot-Update; \Microsoft\Windows\PI; {5014B7C8-934E-4262-9816-887FA745A6C4},SBServicing; ;;
10;; SetupCleanupTask; \Microsoft\Windows\Setup; {7C83C056-1D0D-4C8E-A6B0-89E79C213559}; ;;
10;; sih; \Microsoft\Windows\WindowsUpdate; %systemroot%\System32\sihclient.exe; ;;
10;; sihboot; \Microsoft\Windows\WindowsUpdate; %systemroot%\System32\sihclient.exe; /boot;;
10;; SilentCleanup; \Microsoft\Windows\DiskCleanup; %windir%\system32\cleanmgr.exe; /autoclean /d %systemdrive%;;
10;; SmartScreenSpecific; \Microsoft\Windows\AppID; {9F2B0085-9218-42A1-88B0-9F0E65851666},U; ;;
10;; SpaceAgentTask; \Microsoft\Windows\SpacePort; %windir%\system32\SpaceAgent.exe; ;;
10;; SpaceManagerTask; \Microsoft\Windows\SpacePort; %windir%\system32\SpaceMan.exe; /Work|/Repair;;
10;; SpeechModelDownloadTask; \Microsoft\Windows\Speech; %windir%\system32\speech_onecore\common\SpeechModelDownload.exe; ;;
10;; Sqm-Tasks; \Microsoft\Windows\PI; {5014B7C8-934E-4262-9816-887FA745A6C4},PiSqmTasks; ;;
10;; SR; \Microsoft\Windows\SystemRestore; %windir%\system32\srtasks.exe; ExecuteScheduledSPPCreation;;
10;; StartComponentCleanup; \Microsoft\Windows\Servicing; {752073A1-23F2-4396-85F0-8FDB879ED0ED}; ;;
10;; StartupAppTask; \Microsoft\Windows\Application Experience; %windir%\system32\rundll32.exe; Startupscan.dll,SusRunTask;;
10;; Storage Tiers Management Initialization; \Microsoft\Windows\Storage Tiers Management; {5C9AB547-345D-4175-9AF6-65133463A100}; ;;
10;; Storage Tiers Optimization; \Microsoft\Windows\Storage Tiers Management; %windir%\system32\defrag.exe; -c -h -g -# -m 8 -i 13500;;
10;; StorageSense; \Microsoft\Windows\DiskFootprint; {AB2A519B-03B0-43CE-940A-A73DF850B49A}|%windir%\system32\rundll32.exe; |%windir%\system32\StorageUsage.dll,GetStorageUsageInfo;;
10;; SvcRestartTask; \Microsoft\Windows\SoftwareProtectionPlatform; {B1AEBB5D-EAD9-4476-B375-9C3ED9F32AFC},timer; ;;
10;; SvcRestartTaskLogon; \Microsoft\Windows\SoftwareProtectionPlatform; {B1AEBB5D-EAD9-4476-B375-9C3ED9F32AFC},logon; ;;
10;; SvcRestartTaskNetwork; \Microsoft\Windows\SoftwareProtectionPlatform; {B1AEBB5D-EAD9-4476-B375-9C3ED9F32AFC},network; ;;
10;; SynchronizeTime; \Microsoft\Windows\Time Synchronization; %windir%\system32\sc.exe; start w32time task_started;;
10;; SynchronizeTimeZone; \Microsoft\Windows\Time Zone; %windir%\system32\tzsync.exe; ;;
10;; Sysprep Generalize Drivers; \Microsoft\Windows\Plug and Play; %SystemRoot%\System32\drvinst.exe; 6;;
10;; SystemSoundsService; \Microsoft\Windows\Multimedia; {2DEA658F-54C1-4227-AF9B-260AB5FC3543}; ;;
10;; SystemTask; \Microsoft\Windows\CertificateServicesClient; {58FB76B9-AC85-4E55-AC04-427593B1D060},SYSTEM; ;;
10;; TempSignedLicenseExchange; \Microsoft\Windows\License Manager; {77646A68-AD14-4D53-897D-7BE4DDE5F929}; ;;
10;; Tpm-HASCertRetr; \Microsoft\Windows\TPM; {5014B7C8-934E-4262-9816-887FA745A6C4},HASCertRetr; ;;
10;; Tpm-Maintenance; \Microsoft\Windows\TPM; {5014B7C8-934E-4262-9816-887FA745A6C4},TpmTasks; ;;
10;; Uninstallation; \Microsoft\Windows\LanguageComponentsInstaller; {6F58F65F-EC0E-4ACA-99FE-FC5A1A25E4BE},Uninstall; ;;
10;; UninstallDeviceTask; \Microsoft\Windows\Bluetooth; BthUdTask.exe; $(Arg0);;
10;; UpdateLibrary; \Microsoft\Windows\Windows Media Sharing; "%ProgramFiles%\Windows Media Player\wmpnscfg.exe"; ;;
10;; UPnPHostConfig; \Microsoft\Windows\UPnP; sc.exe; config upnphost start= auto;;
10;; UsbCeip; \Microsoft\Windows\Customer Experience Improvement Program; {C27F6B1D-FE0B-45E4-9257-38799FA69BC8},SYSTEM; ;;
10;; User_Feed_Synchronization-{87B814C1-CCB9-4FA2-8B36-7914DEC60311}; {root}; C:\Windows\system32\msfeedssync.exe; sync;;
10;; UserTask-Roam; \Microsoft\Windows\CertificateServicesClient; {58FB76B9-AC85-4E55-AC04-427593B1D060},KEYROAMING; ;;
10;; UserTask; \Microsoft\Windows\CertificateServicesClient; {58FB76B9-AC85-4E55-AC04-427593B1D060},USER; ;;
10;; USO_UxBroker_Display; \Microsoft\Windows\UpdateOrchestrator; %SystemRoot%\system32\MusNotification.exe; Display;;
10;; USO_UxBroker_ReadyToReboot; \Microsoft\Windows\UpdateOrchestrator; %systemroot%\system32\MusNotification.exe; ReadyToReboot;;
10;; VerifiedPublisherCertStoreCheck; \Microsoft\Windows\AppID; %windir%\system32\appidcertstorecheck.exe; ;;
10;; VerifyWinRE; \Microsoft\Windows\RecoveryEnvironment; {89D1D0C2-A3CF-490C-ABE3-B86CDE34B047},VerifyWinRE; ;;
10;; WiFiTask; \Microsoft\Windows\NlaSvc; %SystemRoot%\System32\WiFiTask.exe; nla;;
10;; WiFiTask; \Microsoft\Windows\WCM; %SystemRoot%\System32\WiFiTask.exe; ;;
10;; WIM-Hash-Management; \Microsoft\Windows\WOF; {B7BFFB5A-EFA8-4D8C-BBDE-C8D5FAAF54A1},WimHashManagement; ;;
10;; WIM-Hash-Validation; \Microsoft\Windows\WOF; {B7BFFB5A-EFA8-4D8C-BBDE-C8D5FAAF54A1},WimHashValidation; ;;
10;; Windows Defender Cache Maintenance; \Microsoft\Windows\Windows Defender; %ProgramFiles%\Windows Defender\MpCmdRun.exe; -IdleTask -TaskName WdCacheMaintenance;;
10;; Windows Defender Cleanup; \Microsoft\Windows\Windows Defender; %ProgramFiles%\Windows Defender\MpCmdRun.exe; -IdleTask -TaskName WdCleanup;;
10;; Windows Defender Scheduled Scan; \Microsoft\Windows\Windows Defender; %ProgramFiles%\Windows Defender\MpCmdRun.exe; Scan -ScheduleJob;;
10;; Windows Defender Verification; \Microsoft\Windows\Windows Defender; %ProgramFiles%\Windows Defender\MpCmdRun.exe; -IdleTask -TaskName WdVerification;;
10;; WindowsActionDialog; \Microsoft\Windows\Location; %windir%\System32\WindowsActionDialog.exe; ;;
10;; WinSAT; \Microsoft\Windows\Maintenance; {A9A33436-678B-4C9C-A211-7CC38785E79D}; ;;
10;; Work Folders Logon Synchronization; \Microsoft\Windows\Work Folders; {97D47D56-3777-49FB-8E8F-90D7E30E1A1E},Logon; ;;
10;; Work Folders Maintenance Work; \Microsoft\Windows\Work Folders; {63260BCE-A3FB-4A34-AA51-D4D8E877B62B}; ;;
10;; WsSwapAssessmentTask; \Microsoft\Windows\Sysmain; %windir%\system32\rundll32.exe; sysmain.dll,PfSvWsSwapAssessmentTask;;
10;; WSTask; \Microsoft\Windows\WS; {E52C9A25-F3E8-49E4-BAA7-FAD0EF620129},$(Arg0)\\\,$(Arg1); ;;
10;; XblGameSaveTask; \Microsoft\XblGameSave; %windir%\System32\XblGameSaveTask.exe; standby;;
10;; XblGameSaveTaskLogon; \Microsoft\XblGameSave; %windir%\System32\XblGameSaveTask.exe; logon;;
